"","hostname","protname","pairname"
"1","Acinonyx jubatus","Neospora caninum","Neospora caninum ,  Acinonyx jubatus"
"2","Aepyceros melampus","Sarcocystis melampi","Sarcocystis melampi ,  Aepyceros melampus"
"3","Alcelaphus buselaphus","Trypanosoma brucei","Trypanosoma brucei ,  Alcelaphus buselaphus"
"4","Alcelaphus buselaphus","Trypanosoma vivax","Trypanosoma vivax ,  Alcelaphus buselaphus"
"5","Alces alces","Cryptosporidium parvum","Cryptosporidium parvum ,  Alces alces"
"6","Alces alces","Giardia intestinalis","Giardia intestinalis ,  Alces alces"
"7","Alces alces","Sarcocystis alces","Sarcocystis alces ,  Alces alces"
"8","Alces alces","Sarcocystis alceslatrans","Sarcocystis alceslatrans ,  Alces alces"
"9","Alces alces","Sarcocystis ovalis","Sarcocystis ovalis ,  Alces alces"
"10","Alces alces","Sarcocystis scandinavica","Sarcocystis scandinavica ,  Alces alces"
"11","Alces alces","Toxoplasma gondii","Toxoplasma gondii ,  Alces alces"
"12","Alces alces","Trypanosoma cervi","Trypanosoma cervi ,  Alces alces"
"13","Alouatta belzebul","Plasmodium brasilianum","Plasmodium brasilianum ,  Alouatta belzebul"
"14","Alouatta belzebul","Trypanosoma minasense","Trypanosoma minasense ,  Alouatta belzebul"
"15","Alouatta belzebul","Trypanosoma mycetae","Trypanosoma mycetae ,  Alouatta belzebul"
"16","Alouatta caraya","Balantidium aragaoi","Balantidium aragaoi ,  Alouatta caraya"
"17","Alouatta caraya","Giardia intestinalis","Giardia intestinalis ,  Alouatta caraya"
"18","Alouatta caraya","Plasmodium brasilianum","Plasmodium brasilianum ,  Alouatta caraya"
"19","Alouatta caraya","Retortamonas intestinalis","Retortamonas intestinalis ,  Alouatta caraya"
"20","Alouatta caraya","Trypanosoma cruzi","Trypanosoma cruzi ,  Alouatta caraya"
"21","Alouatta caraya","Trypanosoma forestali","Trypanosoma forestali ,  Alouatta caraya"
"22","Alouatta caraya","Trypanosoma minasense","Trypanosoma minasense ,  Alouatta caraya"
"23","Alouatta caraya","Trypanosoma mycetae","Trypanosoma mycetae ,  Alouatta caraya"
"24","Alouatta guariba","Plasmodium brasilianum","Plasmodium brasilianum ,  Alouatta guariba"
"25","Alouatta guariba","Plasmodium simium","Plasmodium simium ,  Alouatta guariba"
"26","Alouatta guariba","Trypanosoma forestali","Trypanosoma forestali ,  Alouatta guariba"
"27","Alouatta guariba","Trypanosoma hippicum","Trypanosoma hippicum ,  Alouatta guariba"
"28","Alouatta guariba","Trypanosoma minasense","Trypanosoma minasense ,  Alouatta guariba"
"29","Alouatta guariba","Trypanosoma mycetae","Trypanosoma mycetae ,  Alouatta guariba"
"30","Alouatta guariba","Trypanosoma venezuelense","Trypanosoma venezuelense ,  Alouatta guariba"
"31","Alouatta palliata","Leishmania mexicana","Leishmania mexicana ,  Alouatta palliata"
"32","Alouatta palliata","Plasmodium brasilianum","Plasmodium brasilianum ,  Alouatta palliata"
"33","Alouatta palliata","Plasmodium simium","Plasmodium simium ,  Alouatta palliata"
"34","Alouatta palliata","Trypanosoma cruzi","Trypanosoma cruzi ,  Alouatta palliata"
"35","Alouatta palliata","Trypanosoma mycetae","Trypanosoma mycetae ,  Alouatta palliata"
"36","Alouatta pigra","Entamoeba coli","Entamoeba coli ,  Alouatta pigra"
"37","Alouatta pigra","Giardia intestinalis","Giardia intestinalis ,  Alouatta pigra"
"38","Alouatta pigra","Leishmania mexicana","Leishmania mexicana ,  Alouatta pigra"
"39","Alouatta pigra","Trypanosoma cruzi","Trypanosoma cruzi ,  Alouatta pigra"
"40","Alouatta pigra","Trypanosoma minasense","Trypanosoma minasense ,  Alouatta pigra"
"41","Alouatta pigra","Trypanosoma mycetae","Trypanosoma mycetae ,  Alouatta pigra"
"42","Alouatta seniculus","Blastocystis hominis","Blastocystis hominis ,  Alouatta seniculus"
"43","Alouatta seniculus","Chilomastix mesnili","Chilomastix mesnili ,  Alouatta seniculus"
"44","Alouatta seniculus","Iodamoeba butschlii","Iodamoeba butschlii ,  Alouatta seniculus"
"45","Alouatta seniculus","Plasmodium brasilianum","Plasmodium brasilianum ,  Alouatta seniculus"
"46","Alouatta seniculus","Plasmodium falciparum","Plasmodium falciparum ,  Alouatta seniculus"
"47","Alouatta seniculus","Plasmodium simium","Plasmodium simium ,  Alouatta seniculus"
"48","Alouatta seniculus","Plasmodium vivax","Plasmodium vivax ,  Alouatta seniculus"
"49","Alouatta seniculus","Toxoplasma gondii","Toxoplasma gondii ,  Alouatta seniculus"
"50","Alouatta seniculus","Trypanosoma cruzi","Trypanosoma cruzi ,  Alouatta seniculus"
"51","Alouatta seniculus","Trypanosoma hippicum","Trypanosoma hippicum ,  Alouatta seniculus"
"52","Alouatta seniculus","Trypanosoma lambrechti","Trypanosoma lambrechti ,  Alouatta seniculus"
"53","Alouatta seniculus","Trypanosoma minasense","Trypanosoma minasense ,  Alouatta seniculus"
"54","Alouatta seniculus","Trypanosoma mycetae","Trypanosoma mycetae ,  Alouatta seniculus"
"55","Alouatta seniculus","Trypanosoma venezuelense","Trypanosoma venezuelense ,  Alouatta seniculus"
"56","Ammotragus lervia","Neospora caninum","Neospora caninum ,  Ammotragus lervia"
"57","Antidorcas marsupialis","Sarcocystis gazellae","Sarcocystis gazellae ,  Antidorcas marsupialis"
"58","Antidorcas marsupialis","Sarcocystis woodhousei","Sarcocystis woodhousei ,  Antidorcas marsupialis"
"59","Antilocapra americana","Toxoplasma gondii","Toxoplasma gondii ,  Antilocapra americana"
"60","Aotus azarae","Trypanosoma cruzi","Trypanosoma cruzi ,  Aotus azarae"
"61","Aotus azarae","Trypanosoma minasense","Trypanosoma minasense ,  Aotus azarae"
"62","Aotus trivirgatus","Trypanosoma minasense","Trypanosoma minasense ,  Aotus trivirgatus"
"63","Aotus vociferans","Iodamoeba butschlii","Iodamoeba butschlii ,  Aotus vociferans"
"64","Aotus vociferans","Plasmodium brasilianum","Plasmodium brasilianum ,  Aotus vociferans"
"65","Arctocebus calabarensis","Trypanosoma brucei","Trypanosoma brucei ,  Arctocebus calabarensis"
"66","Arctocebus calabarensis","Trypanosoma congolense","Trypanosoma congolense ,  Arctocebus calabarensis"
"67","Ateles belzebuth","Trypanosoma cruzi","Trypanosoma cruzi ,  Ateles belzebuth"
"68","Ateles chamek","Blastocystis hominis","Blastocystis hominis ,  Ateles chamek"
"69","Ateles chamek","Chilomastix mesnili","Chilomastix mesnili ,  Ateles chamek"
"70","Ateles chamek","Iodamoeba butschlii","Iodamoeba butschlii ,  Ateles chamek"
"71","Ateles fusciceps","Plasmodium brasilianum","Plasmodium brasilianum ,  Ateles fusciceps"
"72","Ateles fusciceps","Trypanosoma cruzi","Trypanosoma cruzi ,  Ateles fusciceps"
"73","Ateles fusciceps","Trypanosoma minasense","Trypanosoma minasense ,  Ateles fusciceps"
"74","Ateles geoffroyi","Plasmodium brasilianum","Plasmodium brasilianum ,  Ateles geoffroyi"
"75","Ateles geoffroyi","Trypanosoma cruzi","Trypanosoma cruzi ,  Ateles geoffroyi"
"76","Ateles geoffroyi","Trypanosoma minasense","Trypanosoma minasense ,  Ateles geoffroyi"
"77","Ateles paniscus","Balantidium coli","Balantidium coli ,  Ateles paniscus"
"78","Ateles paniscus","Plasmodium brasilianum","Plasmodium brasilianum ,  Ateles paniscus"
"79","Ateles paniscus","Trypanosoma advieri","Trypanosoma advieri ,  Ateles paniscus"
"80","Ateles paniscus","Trypanosoma cruzi","Trypanosoma cruzi ,  Ateles paniscus"
"81","Ateles paniscus","Trypanosoma lesourdi","Trypanosoma lesourdi ,  Ateles paniscus"
"82","Ateles paniscus","Trypanosoma minasense","Trypanosoma minasense ,  Ateles paniscus"
"83","Axis axis","Sarcocystis axicuonis","Sarcocystis axicuonis ,  Axis axis"
"84","Axis axis","Theileria cervi","Theileria cervi ,  Axis axis"
"85","Axis axis","Trypanosoma evansi","Trypanosoma evansi ,  Axis axis"
"86","Axis porcinus","Trypanosoma evansi","Trypanosoma evansi ,  Axis porcinus"
"87","Bassariscus astutus","Toxoplasma gondii","Toxoplasma gondii ,  Bassariscus astutus"
"88","Bison bison","Eimeria auburnensis","Eimeria auburnensis ,  Bison bison"
"89","Bison bison","Eimeria bovis","Eimeria bovis ,  Bison bison"
"90","Bison bison","Eimeria zuernii","Eimeria zuernii ,  Bison bison"
"91","Bison bonasus","Cryptosporidium parvum","Cryptosporidium parvum ,  Bison bonasus"
"92","Bison bonasus","Giardia intestinalis","Giardia intestinalis ,  Bison bonasus"
"93","Bison bonasus","Neospora caninum","Neospora caninum ,  Bison bonasus"
"94","Blastocerus dichotomus","Toxoplasma gondii","Toxoplasma gondii ,  Blastocerus dichotomus"
"95","Brachyteles arachnoides","Entamoeba hartmanni","Entamoeba hartmanni ,  Brachyteles arachnoides"
"96","Brachyteles arachnoides","Plasmodium brasilianum","Plasmodium brasilianum ,  Brachyteles arachnoides"
"97","Brachyteles arachnoides","Plasmodium simium","Plasmodium simium ,  Brachyteles arachnoides"
"98","Cacajao calvus","Plasmodium brasilianum","Plasmodium brasilianum ,  Cacajao calvus"
"99","Cacajao calvus","Trypanosoma cruzi","Trypanosoma cruzi ,  Cacajao calvus"
"100","Callicebus brunneus","Chilomastix mesnili","Chilomastix mesnili ,  Callicebus brunneus"
"101","Callicebus brunneus","Plasmodium brasilianum","Plasmodium brasilianum ,  Callicebus brunneus"
"102","Callicebus brunneus","Trypanosoma cruzi","Trypanosoma cruzi ,  Callicebus brunneus"
"103","Callicebus brunneus","Trypanosoma devei","Trypanosoma devei ,  Callicebus brunneus"
"104","Callicebus brunneus","Trypanosoma minasense","Trypanosoma minasense ,  Callicebus brunneus"
"105","Callicebus brunneus","Trypanosoma rangeli","Trypanosoma rangeli ,  Callicebus brunneus"
"106","Callicebus cupreus","Trypanosoma minasense","Trypanosoma minasense ,  Callicebus cupreus"
"107","Callicebus moloch","Plasmodium brasilianum","Plasmodium brasilianum ,  Callicebus moloch"
"108","Callicebus nigrifrons","Trypanosoma cruzi","Trypanosoma cruzi ,  Callicebus nigrifrons"
"109","Callicebus ornatus","Plasmodium brasilianum","Plasmodium brasilianum ,  Callicebus ornatus"
"110","Callicebus ornatus","Trypanosoma minasense","Trypanosoma minasense ,  Callicebus ornatus"
"111","Callicebus torquatus","Plasmodium brasilianum","Plasmodium brasilianum ,  Callicebus torquatus"
"112","Callicebus torquatus","Trypanosoma lambrechti","Trypanosoma lambrechti ,  Callicebus torquatus"
"113","Callimico goeldii","Isospora endocallimici","Isospora endocallimici ,  Callimico goeldii"
"114","Callithrix argentata","Trypanosoma cruzi","Trypanosoma cruzi ,  Callithrix argentata"
"115","Callithrix emiliae","Trypanosoma cruzi","Trypanosoma cruzi ,  Callithrix emiliae"
"116","Callithrix emiliae","Trypanosoma devei","Trypanosoma devei ,  Callithrix emiliae"
"117","Callithrix jacchus","Sarcocystis elegans","Sarcocystis elegans ,  Callithrix jacchus"
"118","Callithrix jacchus","Trypanosoma cruzi","Trypanosoma cruzi ,  Callithrix jacchus"
"119","Callithrix jacchus","Trypanosoma minasense","Trypanosoma minasense ,  Callithrix jacchus"
"120","Callithrix penicillata","Trypanosoma cruzi","Trypanosoma cruzi ,  Callithrix penicillata"
"121","Callithrix penicillata","Trypanosoma minasense","Trypanosoma minasense ,  Callithrix penicillata"
"122","Callithrix pygmaea","Trypanosoma cruzi","Trypanosoma cruzi ,  Callithrix pygmaea"
"123","Callithrix pygmaea","Trypanosoma minasense","Trypanosoma minasense ,  Callithrix pygmaea"
"124","Camelus dromedarius","Trypanosoma simiae","Trypanosoma simiae ,  Camelus dromedarius"
"125","Canis aureus","Leishmania infantum","Leishmania infantum ,  Canis aureus"
"126","Canis aureus","Neospora caninum","Neospora caninum ,  Canis aureus"
"127","Canis latrans","Isospora canis","Isospora canis ,  Canis latrans"
"128","Canis latrans","Cystoisospora felis","Cystoisospora felis ,  Canis latrans"
"129","Canis latrans","Cystoisospora ohioensis","Cystoisospora ohioensis ,  Canis latrans"
"130","Canis latrans","Hammondia heydorni","Hammondia heydorni ,  Canis latrans"
"131","Canis latrans","Hepatozoon americanum","Hepatozoon americanum ,  Canis latrans"
"132","Canis latrans","Neospora caninum","Neospora caninum ,  Canis latrans"
"133","Canis latrans","Sarcocystis fusiformis","Sarcocystis fusiformis ,  Canis latrans"
"134","Canis latrans","Sarcocystis neurona","Sarcocystis neurona ,  Canis latrans"
"135","Canis latrans","Toxoplasma gondii","Toxoplasma gondii ,  Canis latrans"
"136","Canis lupus","Cryptosporidium parvum","Cryptosporidium parvum ,  Canis lupus"
"137","Canis lupus","Entamoeba hartmanni","Entamoeba hartmanni ,  Canis lupus"
"138","Canis lupus","Leishmania infantum","Leishmania infantum ,  Canis lupus"
"139","Canis lupus","Neospora caninum","Neospora caninum ,  Canis lupus"
"140","Canis lupus","Toxoplasma gondii","Toxoplasma gondii ,  Canis lupus"
"141","Capra ibex","Sarcocystis arieticanis","Sarcocystis arieticanis ,  Capra ibex"
"142","Capra ibex","Sarcocystis capracanis","Sarcocystis capracanis ,  Capra ibex"
"143","Capra ibex","Sarcocystis capricornis","Sarcocystis capricornis ,  Capra ibex"
"144","Capra ibex","Sarcocystis cornagliai","Sarcocystis cornagliai ,  Capra ibex"
"145","Capra pyrenaica","Babesia ovis","Babesia ovis ,  Capra pyrenaica"
"146","Capreolus capreolus","Babesia divergens","Babesia divergens ,  Capreolus capreolus"
"147","Capreolus capreolus","Babesia EU2","Babesia EU2 ,  Capreolus capreolus"
"148","Capreolus capreolus","Cryptosporidium parvum","Cryptosporidium parvum ,  Capreolus capreolus"
"149","Capreolus capreolus","Giardia intestinalis","Giardia intestinalis ,  Capreolus capreolus"
"150","Capreolus capreolus","Neospora caninum","Neospora caninum ,  Capreolus capreolus"
"151","Capreolus capreolus","Toxoplasma gondii","Toxoplasma gondii ,  Capreolus capreolus"
"152","Capricornis crispus","Eimeria crispus","Eimeria crispus ,  Capricornis crispus"
"153","Capricornis crispus","Eimeria kamoshika","Eimeria kamoshika ,  Capricornis crispus"
"154","Capricornis crispus","Eimeria serowi","Eimeria serowi ,  Capricornis crispus"
"155","Capricornis crispus","Toxoplasma gondii","Toxoplasma gondii ,  Capricornis crispus"
"156","Capricornis swinhoei","Eimeria kamoshika","Eimeria kamoshika ,  Capricornis swinhoei"
"157","Cebus albifrons","Chilomastix mesnili","Chilomastix mesnili ,  Cebus albifrons"
"158","Cebus albifrons","Endolimax nana","Endolimax nana ,  Cebus albifrons"
"159","Cebus albifrons","Isospora cebi","Isospora cebi ,  Cebus albifrons"
"160","Cebus albifrons","Plasmodium brasilianum","Plasmodium brasilianum ,  Cebus albifrons"
"161","Cebus albifrons","Trypanosoma cruzi","Trypanosoma cruzi ,  Cebus albifrons"
"162","Cebus albifrons","Trypanosoma lambrechti","Trypanosoma lambrechti ,  Cebus albifrons"
"163","Cebus albifrons","Trypanosoma minasense","Trypanosoma minasense ,  Cebus albifrons"
"164","Cebus albifrons","Trypanosoma rangeli","Trypanosoma rangeli ,  Cebus albifrons"
"165","Cebus apella","Blastocystis hominis","Blastocystis hominis ,  Cebus apella"
"166","Cebus apella","Endolimax nana","Endolimax nana ,  Cebus apella"
"167","Cebus apella","Leishmania shawi","Leishmania shawi ,  Cebus apella"
"168","Cebus apella","Plasmodium brasilianum","Plasmodium brasilianum ,  Cebus apella"
"169","Cebus apella","Trypanosoma cruzi","Trypanosoma cruzi ,  Cebus apella"
"170","Cebus apella","Trypanosoma diasi","Trypanosoma diasi ,  Cebus apella"
"171","Cebus apella","Trypanosoma lambrechti","Trypanosoma lambrechti ,  Cebus apella"
"172","Cebus apella","Trypanosoma minasense","Trypanosoma minasense ,  Cebus apella"
"173","Cebus apella","Trypanosoma rangeli","Trypanosoma rangeli ,  Cebus apella"
"174","Cebus capucinus","Giardia intestinalis","Giardia intestinalis ,  Cebus capucinus"
"175","Cebus capucinus","Plasmodium brasilianum","Plasmodium brasilianum ,  Cebus capucinus"
"176","Cebus capucinus","Trypanosoma cruzi","Trypanosoma cruzi ,  Cebus capucinus"
"177","Cebus capucinus","Trypanosoma minasense","Trypanosoma minasense ,  Cebus capucinus"
"178","Cebus capucinus","Trypanosoma rangeli","Trypanosoma rangeli ,  Cebus capucinus"
"179","Cephalophus dorsalis","Trypanosoma brucei","Trypanosoma brucei ,  Cephalophus dorsalis"
"180","Cephalophus dorsalis","Trypanosoma congolense","Trypanosoma congolense ,  Cephalophus dorsalis"
"181","Cephalophus dorsalis","Trypanosoma simiae","Trypanosoma simiae ,  Cephalophus dorsalis"
"182","Cephalophus dorsalis","Trypanosoma vivax","Trypanosoma vivax ,  Cephalophus dorsalis"
"183","Cephalophus silvicultor","Trypanosoma congolense","Trypanosoma congolense ,  Cephalophus silvicultor"
"184","Ceratotherium simum","Blepharocorys jubata","Blepharocorys jubata ,  Ceratotherium simum"
"185","Ceratotherium simum","Entodinium bicornutum","Entodinium bicornutum ,  Ceratotherium simum"
"186","Ceratotherium simum","Entodinium caudatum","Entodinium caudatum ,  Ceratotherium simum"
"187","Ceratotherium simum","Entodinium dubardi","Entodinium dubardi ,  Ceratotherium simum"
"188","Ceratotherium simum","Entodinium furca","Entodinium furca ,  Ceratotherium simum"
"189","Ceratotherium simum","Entodinium minimum","Entodinium minimum ,  Ceratotherium simum"
"190","Ceratotherium simum","Entodinium rectangulatum","Entodinium rectangulatum ,  Ceratotherium simum"
"191","Ceratotherium simum","Epidinium bulbiferum","Epidinium bulbiferum ,  Ceratotherium simum"
"192","Ceratotherium simum","Epidinium gigas","Epidinium gigas ,  Ceratotherium simum"
"193","Ceratotherium simum","Eudiplodinium maggi","Eudiplodinium maggi ,  Ceratotherium simum"
"194","Ceratotherium simum","Metadinium medium","Metadinium medium ,  Ceratotherium simum"
"195","Ceratotherium simum","Toxoplasma gondii","Toxoplasma gondii ,  Ceratotherium simum"
"196","Ceratotherium simum","Trypanosoma simiae","Trypanosoma simiae ,  Ceratotherium simum"
"197","Cercocebus agilis","Hepatocystis kochi","Hepatocystis kochi ,  Cercocebus agilis"
"198","Cercocebus agilis","Plasmodium georgesi","Plasmodium georgesi ,  Cercocebus agilis"
"199","Cercocebus agilis","Plasmodium gonderi","Plasmodium gonderi ,  Cercocebus agilis"
"200","Cercocebus agilis","Plasmodium petersi","Plasmodium petersi ,  Cercocebus agilis"
"201","Cercocebus atys","Plasmodium gonderi","Plasmodium gonderi ,  Cercocebus atys"
"202","Cercocebus galeritus","Balantidium coli","Balantidium coli ,  Cercocebus galeritus"
"203","Cercocebus galeritus","Entamoeba coli","Entamoeba coli ,  Cercocebus galeritus"
"204","Cercocebus galeritus","Entamoeba hartmanni","Entamoeba hartmanni ,  Cercocebus galeritus"
"205","Cercocebus galeritus","Entamoeba histolytica","Entamoeba histolytica ,  Cercocebus galeritus"
"206","Cercocebus galeritus","Iodamoeba butschlii","Iodamoeba butschlii ,  Cercocebus galeritus"
"207","Cercocebus galeritus","Pentatrichomonas hominis","Pentatrichomonas hominis ,  Cercocebus galeritus"
"208","Cercocebus torquatus","Hepatocystis kochi","Hepatocystis kochi ,  Cercocebus torquatus"
"209","Cercocebus torquatus","Plasmodium gonderi","Plasmodium gonderi ,  Cercocebus torquatus"
"210","Cercocebus torquatus","Trypanosoma brucei","Trypanosoma brucei ,  Cercocebus torquatus"
"211","Cercopithecus albogularis","Endolimax nana","Endolimax nana ,  Cercopithecus albogularis"
"212","Cercopithecus albogularis","Entamoeba chattoni","Entamoeba chattoni ,  Cercopithecus albogularis"
"213","Cercopithecus albogularis","Entamoeba coli","Entamoeba coli ,  Cercopithecus albogularis"
"214","Cercopithecus albogularis","Entamoeba hartmanni","Entamoeba hartmanni ,  Cercopithecus albogularis"
"215","Cercopithecus albogularis","Hepatocystis kochi","Hepatocystis kochi ,  Cercopithecus albogularis"
"216","Cercopithecus albogularis","Iodamoeba butschlii","Iodamoeba butschlii ,  Cercopithecus albogularis"
"217","Cercopithecus ascanius","Babesia pitheci","Babesia pitheci ,  Cercopithecus ascanius"
"218","Cercopithecus ascanius","Chilomastix mesnili","Chilomastix mesnili ,  Cercopithecus ascanius"
"219","Cercopithecus ascanius","Dientamoeba fragilis","Dientamoeba fragilis ,  Cercopithecus ascanius"
"220","Cercopithecus ascanius","Endolimax nana","Endolimax nana ,  Cercopithecus ascanius"
"221","Cercopithecus ascanius","Entamoeba coli","Entamoeba coli ,  Cercopithecus ascanius"
"222","Cercopithecus ascanius","Entamoeba hartmanni","Entamoeba hartmanni ,  Cercopithecus ascanius"
"223","Cercopithecus ascanius","Entamoeba histolytica","Entamoeba histolytica ,  Cercopithecus ascanius"
"224","Cercopithecus ascanius","Giardia intestinalis","Giardia intestinalis ,  Cercopithecus ascanius"
"225","Cercopithecus ascanius","Hepatocystis cercopitheci","Hepatocystis cercopitheci ,  Cercopithecus ascanius"
"226","Cercopithecus ascanius","Hepatocystis kochi","Hepatocystis kochi ,  Cercopithecus ascanius"
"227","Cercopithecus ascanius","Iodamoeba butschlii","Iodamoeba butschlii ,  Cercopithecus ascanius"
"228","Cercopithecus ascanius","Trypanosoma primatum","Trypanosoma primatum ,  Cercopithecus ascanius"
"229","Cercopithecus campbelli","Hepatocystis bovillezi","Hepatocystis bovillezi ,  Cercopithecus campbelli"
"230","Cercopithecus cephus","Hepatocystis kochi","Hepatocystis kochi ,  Cercopithecus cephus"
"231","Cercopithecus cephus","Trypanosoma brucei","Trypanosoma brucei ,  Cercopithecus cephus"
"232","Cercopithecus cephus","Trypanosoma congolense","Trypanosoma congolense ,  Cercopithecus cephus"
"233","Cercopithecus cephus","Trypanosoma primatum","Trypanosoma primatum ,  Cercopithecus cephus"
"234","Cercopithecus cephus","Trypanosoma vivax","Trypanosoma vivax ,  Cercopithecus cephus"
"235","Cercopithecus denti","Hepatocystis bovillezi","Hepatocystis bovillezi ,  Cercopithecus denti"
"236","Cercopithecus diana","Hepatocystis kochi","Hepatocystis kochi ,  Cercopithecus diana"
"237","Cercopithecus kandti","Hepatocystis kochi","Hepatocystis kochi ,  Cercopithecus kandti"
"238","Cercopithecus lhoesti","Hepatocystis kochi","Hepatocystis kochi ,  Cercopithecus lhoesti"
"239","Cercopithecus mitis","Babesia pitheci","Babesia pitheci ,  Cercopithecus mitis"
"240","Cercopithecus mitis","Balantidium coli","Balantidium coli ,  Cercopithecus mitis"
"241","Cercopithecus mitis","Chilomastix mesnili","Chilomastix mesnili ,  Cercopithecus mitis"
"242","Cercopithecus mitis","Dientamoeba fragilis","Dientamoeba fragilis ,  Cercopithecus mitis"
"243","Cercopithecus mitis","Endolimax nana","Endolimax nana ,  Cercopithecus mitis"
"244","Cercopithecus mitis","Entamoeba coli","Entamoeba coli ,  Cercopithecus mitis"
"245","Cercopithecus mitis","Entamoeba hartmanni","Entamoeba hartmanni ,  Cercopithecus mitis"
"246","Cercopithecus mitis","Entamoeba histolytica","Entamoeba histolytica ,  Cercopithecus mitis"
"247","Cercopithecus mitis","Iodamoeba butschlii","Iodamoeba butschlii ,  Cercopithecus mitis"
"248","Cercopithecus mitis","Retortamonas intestinalis","Retortamonas intestinalis ,  Cercopithecus mitis"
"249","Cercopithecus mitis","Trichomonas intestinalis","Trichomonas intestinalis ,  Cercopithecus mitis"
"250","Cercopithecus mona","Hepatocystis bovillezi","Hepatocystis bovillezi ,  Cercopithecus mona"
"251","Cercopithecus mona","Trypanosoma vivax","Trypanosoma vivax ,  Cercopithecus mona"
"252","Cercopithecus neglectus","Hepatocystis cercopitheci","Hepatocystis cercopitheci ,  Cercopithecus neglectus"
"253","Cercopithecus nictitans","Hepatocystis cercopitheci","Hepatocystis cercopitheci ,  Cercopithecus nictitans"
"254","Cercopithecus nictitans","Trypanosoma brucei","Trypanosoma brucei ,  Cercopithecus nictitans"
"255","Cercopithecus nictitans","Trypanosoma vivax","Trypanosoma vivax ,  Cercopithecus nictitans"
"256","Cercopithecus petaurista","Hepatocystis cercopitheci","Hepatocystis cercopitheci ,  Cercopithecus petaurista"
"257","Cerdocyon thous","Hepatozoon canis","Hepatozoon canis ,  Cerdocyon thous"
"258","Cerdocyon thous","Leishmania chagasi","Leishmania chagasi ,  Cerdocyon thous"
"259","Cerdocyon thous","Leishmania infantum","Leishmania infantum ,  Cerdocyon thous"
"260","Cerdocyon thous","Neospora caninum","Neospora caninum ,  Cerdocyon thous"
"261","Cerdocyon thous","Toxoplasma gondii","Toxoplasma gondii ,  Cerdocyon thous"
"262","Cervus elaphus","Babesia divergens","Babesia divergens ,  Cervus elaphus"
"263","Cervus elaphus","Babesia ovis","Babesia ovis ,  Cervus elaphus"
"264","Cervus elaphus","Cryptosporidium parvum","Cryptosporidium parvum ,  Cervus elaphus"
"265","Cervus elaphus","Giardia intestinalis","Giardia intestinalis ,  Cervus elaphus"
"266","Cervus elaphus","Neospora caninum","Neospora caninum ,  Cervus elaphus"
"267","Cervus elaphus","Sarcocystis capreolicanis","Sarcocystis capreolicanis ,  Cervus elaphus"
"268","Cervus elaphus","Sarcocystis grueneri","Sarcocystis grueneri ,  Cervus elaphus"
"269","Cervus elaphus","Sarcocystis silva","Sarcocystis silva ,  Cervus elaphus"
"270","Cervus elaphus","Theileria cervi","Theileria cervi ,  Cervus elaphus"
"271","Cervus elaphus","Toxoplasma gondii","Toxoplasma gondii ,  Cervus elaphus"
"272","Cervus nippon","Theileria cervi","Theileria cervi ,  Cervus nippon"
"273","Cervus nippon","Trypanosoma sp. TSD1","Trypanosoma sp. TSD1 ,  Cervus nippon"
"274","Chiropotes albinasus","Plasmodium brasilianum","Plasmodium brasilianum ,  Chiropotes albinasus"
"275","Chiropotes chiropotes","Plasmodium brasilianum","Plasmodium brasilianum ,  Chiropotes chiropotes"
"276","Chiropotes satanas","Leishmania shawi","Leishmania shawi ,  Chiropotes satanas"
"277","Chiropotes satanas","Plasmodium brasilianum","Plasmodium brasilianum ,  Chiropotes satanas"
"278","Chiropotes satanas","Trypanosoma lambrechti","Trypanosoma lambrechti ,  Chiropotes satanas"
"279","Chiropotes satanas","Trypanosoma mycetae","Trypanosoma mycetae ,  Chiropotes satanas"
"280","Chlorocebus aethiops","Babesia pitheci","Babesia pitheci ,  Chlorocebus aethiops"
"281","Chlorocebus aethiops","Blastocystis hominis","Blastocystis hominis ,  Chlorocebus aethiops"
"282","Chlorocebus aethiops","Cyclospora cercopitheci","Cyclospora cercopitheci ,  Chlorocebus aethiops"
"283","Chlorocebus aethiops","Entamoeba coli","Entamoeba coli ,  Chlorocebus aethiops"
"284","Chlorocebus aethiops","Entamoeba histolytica","Entamoeba histolytica ,  Chlorocebus aethiops"
"285","Chlorocebus aethiops","Entopolypoides macaci","Entopolypoides macaci ,  Chlorocebus aethiops"
"286","Chlorocebus aethiops","Hepatocystis kochi","Hepatocystis kochi ,  Chlorocebus aethiops"
"287","Chlorocebus aethiops","Trypanosoma brucei","Trypanosoma brucei ,  Chlorocebus aethiops"
"288","Chlorocebus pygerythrus","Entamoeba coli","Entamoeba coli ,  Chlorocebus pygerythrus"
"289","Chlorocebus pygerythrus","Entopolypoides macaci","Entopolypoides macaci ,  Chlorocebus pygerythrus"
"290","Chlorocebus pygerythrus","Hepatocystis cercopitheci","Hepatocystis cercopitheci ,  Chlorocebus pygerythrus"
"291","Chlorocebus pygerythrus","Iodamoeba butschlii","Iodamoeba butschlii ,  Chlorocebus pygerythrus"
"292","Chlorocebus sabaeus","Entamoeba coli","Entamoeba coli ,  Chlorocebus sabaeus"
"293","Chlorocebus sabaeus","Hepatocystis kochi","Hepatocystis kochi ,  Chlorocebus sabaeus"
"294","Chlorocebus sabaeus","Iodamoeba butschlii","Iodamoeba butschlii ,  Chlorocebus sabaeus"
"295","Chrysocyon brachyurus","Toxoplasma gondii","Toxoplasma gondii ,  Chrysocyon brachyurus"
"296","Colobus angolensis","Entamoeba coli","Entamoeba coli ,  Colobus angolensis"
"297","Colobus angolensis","Entamoeba histolytica","Entamoeba histolytica ,  Colobus angolensis"
"298","Colobus angolensis","Hepatocystis kochi","Hepatocystis kochi ,  Colobus angolensis"
"299","Colobus guereza","Chilomastix mesnili","Chilomastix mesnili ,  Colobus guereza"
"300","Colobus guereza","Cyclospora colobi","Cyclospora colobi ,  Colobus guereza"
"301","Colobus guereza","Dientamoeba fragilis","Dientamoeba fragilis ,  Colobus guereza"
"302","Colobus guereza","Endolimax nana","Endolimax nana ,  Colobus guereza"
"303","Colobus guereza","Entamoeba coli","Entamoeba coli ,  Colobus guereza"
"304","Colobus guereza","Entamoeba hartmanni","Entamoeba hartmanni ,  Colobus guereza"
"305","Colobus guereza","Entamoeba histolytica","Entamoeba histolytica ,  Colobus guereza"
"306","Colobus guereza","Iodamoeba butschlii","Iodamoeba butschlii ,  Colobus guereza"
"307","Colobus vellerosus","Entamoeba coli","Entamoeba coli ,  Colobus vellerosus"
"308","Colobus vellerosus","Entamoeba histolytica","Entamoeba histolytica ,  Colobus vellerosus"
"309","Colobus vellerosus","Giardia intestinalis","Giardia intestinalis ,  Colobus vellerosus"
"310","Conepatus chinga","Trypanosoma cruzi","Trypanosoma cruzi ,  Conepatus chinga"
"311","Connochaetes taurinus","Toxoplasma gondii","Toxoplasma gondii ,  Connochaetes taurinus"
"312","Crocuta crocuta","Neospora caninum","Neospora caninum ,  Crocuta crocuta"
"313","Cuon alpinus","Sarcocystis axicuonis","Sarcocystis axicuonis ,  Cuon alpinus"
"314","Cynictis penicillata","Babesia cynicti","Babesia cynicti ,  Cynictis penicillata"
"315","Cystophora cristata","Toxoplasma gondii","Toxoplasma gondii ,  Cystophora cristata"
"316","Dama dama","Cryptosporidium parvum","Cryptosporidium parvum ,  Dama dama"
"317","Dama dama","Neospora caninum","Neospora caninum ,  Dama dama"
"318","Dama dama","Sarcocystis grueneri","Sarcocystis grueneri ,  Dama dama"
"319","Dama dama","Sarcocystis silva","Sarcocystis silva ,  Dama dama"
"320","Dama dama","Theileria cervi","Theileria cervi ,  Dama dama"
"321","Dama dama","Toxoplasma gondii","Toxoplasma gondii ,  Dama dama"
"322","Diceros bicornis","Babesia bicornis","Babesia bicornis ,  Diceros bicornis"
"323","Diceros bicornis","Cycloposthium bipalmatum","Cycloposthium bipalmatum ,  Diceros bicornis"
"324","Diceros bicornis","Cycloposthium corrugatum","Cycloposthium corrugatum ,  Diceros bicornis"
"325","Diceros bicornis","Cycloposthium dentiferum","Cycloposthium dentiferum ,  Diceros bicornis"
"326","Diceros bicornis","Cycloposthium edentatum","Cycloposthium edentatum ,  Diceros bicornis"
"327","Diceros bicornis","Cycloposthium scutigerum","Cycloposthium scutigerum ,  Diceros bicornis"
"328","Diceros bicornis","Diplodinium anacanthum","Diplodinium anacanthum ,  Diceros bicornis"
"329","Diceros bicornis","Diplodinium dentatum","Diplodinium dentatum ,  Diceros bicornis"
"330","Diceros bicornis","Diploplastron affine","Diploplastron affine ,  Diceros bicornis"
"331","Diceros bicornis","Elyplastron bubali","Elyplastron bubali ,  Diceros bicornis"
"332","Diceros bicornis","Entodinium bicornutum","Entodinium bicornutum ,  Diceros bicornis"
"333","Diceros bicornis","Entodinium bursa","Entodinium bursa ,  Diceros bicornis"
"334","Diceros bicornis","Entodinium caudatum","Entodinium caudatum ,  Diceros bicornis"
"335","Diceros bicornis","Entodinium dubardi","Entodinium dubardi ,  Diceros bicornis"
"336","Diceros bicornis","Entodinium furca","Entodinium furca ,  Diceros bicornis"
"337","Diceros bicornis","Entodinium minimum","Entodinium minimum ,  Diceros bicornis"
"338","Diceros bicornis","Entodinium rectangulatum","Entodinium rectangulatum ,  Diceros bicornis"
"339","Diceros bicornis","Epidinium bulbiferum","Epidinium bulbiferum ,  Diceros bicornis"
"340","Diceros bicornis","Epidinium caudatum","Epidinium caudatum ,  Diceros bicornis"
"341","Diceros bicornis","Epidinium gigas","Epidinium gigas ,  Diceros bicornis"
"342","Diceros bicornis","Eudiplodinium maggi","Eudiplodinium maggi ,  Diceros bicornis"
"343","Diceros bicornis","Metadinium medium","Metadinium medium ,  Diceros bicornis"
"344","Diceros bicornis","Ostracodinium gracile","Ostracodinium gracile ,  Diceros bicornis"
"345","Diceros bicornis","Ostracodinium mammosum","Ostracodinium mammosum ,  Diceros bicornis"
"346","Diceros bicornis","Ostracodinium trivesiculatum","Ostracodinium trivesiculatum ,  Diceros bicornis"
"347","Diceros bicornis","Polyplastron multivesiculatum","Polyplastron multivesiculatum ,  Diceros bicornis"
"348","Diceros bicornis","Spirodinium equi","Spirodinium equi ,  Diceros bicornis"
"349","Diceros bicornis","Tetratoxum parvum","Tetratoxum parvum ,  Diceros bicornis"
"350","Diceros bicornis","Tetratoxum unifasciculatum","Tetratoxum unifasciculatum ,  Diceros bicornis"
"351","Diceros bicornis","Theileria bicornis","Theileria bicornis ,  Diceros bicornis"
"352","Diceros bicornis","Toxoplasma gondii","Toxoplasma gondii ,  Diceros bicornis"
"353","Diceros bicornis","Triadinium galea","Triadinium galea ,  Diceros bicornis"
"354","Diceros bicornis","Trypanosoma congolense","Trypanosoma congolense ,  Diceros bicornis"
"355","Enhydra lutris","Neospora caninum","Neospora caninum ,  Enhydra lutris"
"356","Enhydra lutris","Sarcocystis neurona","Sarcocystis neurona ,  Enhydra lutris"
"357","Enhydra lutris","Toxoplasma gondii","Toxoplasma gondii ,  Enhydra lutris"
"358","Equus burchellii","Cycloposthium scutigerum","Cycloposthium scutigerum ,  Equus burchellii"
"359","Equus caballus","Cycloposthium scutigerum","Cycloposthium scutigerum ,  Equus caballus"
"360","Equus grevyi","Balantidium coli","Balantidium coli ,  Equus grevyi"
"361","Equus grevyi","Cystoisospora belli","Cystoisospora belli ,  Equus grevyi"
"362","Equus grevyi","Entamoeba coli","Entamoeba coli ,  Equus grevyi"
"363","Equus grevyi","Entamoeba histolytica","Entamoeba histolytica ,  Equus grevyi"
"364","Equus zebra","Babesia equi","Babesia equi ,  Equus zebra"
"365","Erignathus barbatus","Giardia intestinalis","Giardia intestinalis ,  Erignathus barbatus"
"366","Erignathus barbatus","Neospora caninum","Neospora caninum ,  Erignathus barbatus"
"367","Erignathus barbatus","Toxoplasma gondii","Toxoplasma gondii ,  Erignathus barbatus"
"368","Erythrocebus patas","Entamoeba coli","Entamoeba coli ,  Erythrocebus patas"
"369","Erythrocebus patas","Hepatocystis kochi","Hepatocystis kochi ,  Erythrocebus patas"
"370","Erythrocebus patas","Iodamoeba butschlii","Iodamoeba butschlii ,  Erythrocebus patas"
"371","Eulemur macaco","Toxoplasma gondii","Toxoplasma gondii ,  Eulemur macaco"
"372","Eulemur rufus","Balantidium coli","Balantidium coli ,  Eulemur rufus"
"373","Eulemur rufus","Hepatocystis foleyi","Hepatocystis foleyi ,  Eulemur rufus"
"374","Eulemur rufus","Plasmodium girardi","Plasmodium girardi ,  Eulemur rufus"
"375","Felis manul","Cytauxzoon manul","Cytauxzoon manul ,  Felis manul"
"376","Felis silvestris","Cystoisospora felis","Cystoisospora felis ,  Felis silvestris"
"377","Felis silvestris","Eimeria felina","Eimeria felina ,  Felis silvestris"
"378","Felis silvestris","Neospora caninum","Neospora caninum ,  Felis silvestris"
"379","Felis silvestris","Toxoplasma gondii","Toxoplasma gondii ,  Felis silvestris"
"380","Galago demidoff","Trypanosoma irangiense","Trypanosoma irangiense ,  Galago demidoff"
"381","Galago demidoff","Trypanosoma perodictici","Trypanosoma perodictici ,  Galago demidoff"
"382","Galictis cuja","Trypanosoma cruzi","Trypanosoma cruzi ,  Galictis cuja"
"383","Genetta genetta","Cystoisospora felis","Cystoisospora felis ,  Genetta genetta"
"384","Genetta genetta","Eimeria felina","Eimeria felina ,  Genetta genetta"
"385","Genetta genetta","Leishmania infantum","Leishmania infantum ,  Genetta genetta"
"386","Genetta genetta","Neospora caninum","Neospora caninum ,  Genetta genetta"
"387","Genetta genetta","Toxoplasma gondii","Toxoplasma gondii ,  Genetta genetta"
"388","Giraffa camelopardalis","Sarcocystis camelopardalis","Sarcocystis camelopardalis ,  Giraffa camelopardalis"
"389","Giraffa camelopardalis","Sarcocystis giraffae","Sarcocystis giraffae ,  Giraffa camelopardalis"
"390","Giraffa camelopardalis","Sarcocystis klaseriensis","Sarcocystis klaseriensis ,  Giraffa camelopardalis"
"391","Giraffa camelopardalis","Toxoplasma gondii","Toxoplasma gondii ,  Giraffa camelopardalis"
"392","Gorilla beringei","Chilomastix mesnili","Chilomastix mesnili ,  Gorilla beringei"
"393","Gorilla beringei","Cryptosporidium parvum","Cryptosporidium parvum ,  Gorilla beringei"
"394","Gorilla beringei","Endolimax nana","Endolimax nana ,  Gorilla beringei"
"395","Gorilla beringei","Entamoeba coli","Entamoeba coli ,  Gorilla beringei"
"396","Gorilla beringei","Entamoeba hartmanni","Entamoeba hartmanni ,  Gorilla beringei"
"397","Gorilla beringei","Entamoeba histolytica","Entamoeba histolytica ,  Gorilla beringei"
"398","Gorilla beringei","Giardia intestinalis","Giardia intestinalis ,  Gorilla beringei"
"399","Gorilla beringei","Iodamoeba butschlii","Iodamoeba butschlii ,  Gorilla beringei"
"400","Gorilla gorilla","Balantidium coli","Balantidium coli ,  Gorilla gorilla"
"401","Gorilla gorilla","Entamoeba coli","Entamoeba coli ,  Gorilla gorilla"
"402","Gorilla gorilla","Entamoeba hartmanni","Entamoeba hartmanni ,  Gorilla gorilla"
"403","Gorilla gorilla","Entamoeba histolytica","Entamoeba histolytica ,  Gorilla gorilla"
"404","Gorilla gorilla","Gorillophilus thoracatus","Gorillophilus thoracatus ,  Gorilla gorilla"
"405","Gorilla gorilla","Iodamoeba butschlii","Iodamoeba butschlii ,  Gorilla gorilla"
"406","Gorilla gorilla","Pentatrichomonas hominis","Pentatrichomonas hominis ,  Gorilla gorilla"
"407","Gorilla gorilla","Plasmodium adleri","Plasmodium adleri ,  Gorilla gorilla"
"408","Gorilla gorilla","Plasmodium blacklocki","Plasmodium blacklocki ,  Gorilla gorilla"
"409","Gorilla gorilla","Plasmodium falciparum","Plasmodium falciparum ,  Gorilla gorilla"
"410","Gorilla gorilla","Plasmodium ovale","Plasmodium ovale ,  Gorilla gorilla"
"411","Gorilla gorilla","Plasmodium praefalciparum","Plasmodium praefalciparum ,  Gorilla gorilla"
"412","Gorilla gorilla","Plasmodium reichenowi","Plasmodium reichenowi ,  Gorilla gorilla"
"413","Gorilla gorilla","Plasmodium rodhani","Plasmodium rodhani ,  Gorilla gorilla"
"414","Gorilla gorilla","Plasmodium schwetzi","Plasmodium schwetzi ,  Gorilla gorilla"
"415","Gorilla gorilla","Plasmodium vivax","Plasmodium vivax ,  Gorilla gorilla"
"416","Gorilla gorilla","Prototapirella gorillae","Prototapirella gorillae ,  Gorilla gorilla"
"417","Gorilla gorilla","Trypanosoma primatum","Trypanosoma primatum ,  Gorilla gorilla"
"418","Halichoerus grypus","Toxoplasma gondii","Toxoplasma gondii ,  Halichoerus grypus"
"419","Herpestes ichneumon","Eimeria vulpis","Eimeria vulpis ,  Herpestes ichneumon"
"420","Herpestes ichneumon","Leishmania donovani","Leishmania donovani ,  Herpestes ichneumon"
"421","Herpestes ichneumon","Leishmania infantum","Leishmania infantum ,  Herpestes ichneumon"
"422","Herpestes ichneumon","Neospora caninum","Neospora caninum ,  Herpestes ichneumon"
"423","Herpestes ichneumon","Toxoplasma gondii","Toxoplasma gondii ,  Herpestes ichneumon"
"424","Hippopotamus amphibius","Charonina hippopotami","Charonina hippopotami ,  Hippopotamus amphibius"
"425","Hippopotamus amphibius","Cucurvella vivax","Cucurvella vivax ,  Hippopotamus amphibius"
"426","Hippopotamus amphibius","Paraisotricha minuta","Paraisotricha minuta ,  Hippopotamus amphibius"
"427","Hippopotamus amphibius","Paraplagiopyla kiboko","Paraplagiopyla kiboko ,  Hippopotamus amphibius"
"428","Hippopotamus amphibius","Parentodinium africanum","Parentodinium africanum ,  Hippopotamus amphibius"
"429","Hippopotamus amphibius","Parentodinium ostrea","Parentodinium ostrea ,  Hippopotamus amphibius"
"430","Hippotragus equinus","Trypanosoma brucei","Trypanosoma brucei ,  Hippotragus equinus"
"431","Hippotragus niger","Babesia bigemina","Babesia bigemina ,  Hippotragus niger"
"432","Hippotragus niger","Toxoplasma gondii","Toxoplasma gondii ,  Hippotragus niger"
"433","Hydrurga leptonyx","Sarcocystis hydrurgae","Sarcocystis hydrurgae ,  Hydrurga leptonyx"
"434","Hylobates lar","Balantidium coli","Balantidium coli ,  Hylobates lar"
"435","Hylobates lar","Plasmodium eylesi","Plasmodium eylesi ,  Hylobates lar"
"436","Hylobates lar","Plasmodium jefferyi","Plasmodium jefferyi ,  Hylobates lar"
"437","Hylobates lar","Plasmodium youngi","Plasmodium youngi ,  Hylobates lar"
"438","Hylobates moloch","Plasmodium hylobati","Plasmodium hylobati ,  Hylobates moloch"
"439","Ictonyx libyca","Isospora africana","Isospora africana ,  Ictonyx libyca"
"440","Ictonyx libyca","Isospora hoogstraali","Isospora hoogstraali ,  Ictonyx libyca"
"441","Ictonyx libyca","Isospora zorillae","Isospora zorillae ,  Ictonyx libyca"
"442","Kobus ellipsiprymnus","Trypanosoma brucei","Trypanosoma brucei ,  Kobus ellipsiprymnus"
"443","Kobus kob","Trypanosoma brucei","Trypanosoma brucei ,  Kobus kob"
"444","Kobus kob","Trypanosoma congolense","Trypanosoma congolense ,  Kobus kob"
"445","Kobus kob","Trypanosoma vivax","Trypanosoma vivax ,  Kobus kob"
"446","Lagothrix lagotricha","Plasmodium brasilianum","Plasmodium brasilianum ,  Lagothrix lagotricha"
"447","Lagothrix lagotricha","Trypanosoma minasense","Trypanosoma minasense ,  Lagothrix lagotricha"
"448","Lama glama","Eimeria macusaniensis","Eimeria macusaniensis ,  Lama glama"
"449","Leontopithecus chrysomelas","Trypanosoma cruzi","Trypanosoma cruzi ,  Leontopithecus chrysomelas"
"450","Leontopithecus chrysopygus","Trypanosoma cruzi","Trypanosoma cruzi ,  Leontopithecus chrysopygus"
"451","Leontopithecus rosalia","Trypanosoma cruzi","Trypanosoma cruzi ,  Leontopithecus rosalia"
"452","Leopardus geoffroyi","Toxoplasma gondii","Toxoplasma gondii ,  Leopardus geoffroyi"
"453","Leopardus pardalis","Toxoplasma gondii","Toxoplasma gondii ,  Leopardus pardalis"
"454","Lontra canadensis","Toxoplasma gondii","Toxoplasma gondii ,  Lontra canadensis"
"455","Lophocebus albigena","Chilomastix mesnili","Chilomastix mesnili ,  Lophocebus albigena"
"456","Lophocebus albigena","Dientamoeba fragilis","Dientamoeba fragilis ,  Lophocebus albigena"
"457","Lophocebus albigena","Endolimax nana","Endolimax nana ,  Lophocebus albigena"
"458","Lophocebus albigena","Entamoeba coli","Entamoeba coli ,  Lophocebus albigena"
"459","Lophocebus albigena","Entamoeba hartmanni","Entamoeba hartmanni ,  Lophocebus albigena"
"460","Lophocebus albigena","Entamoeba histolytica","Entamoeba histolytica ,  Lophocebus albigena"
"461","Lophocebus albigena","Giardia intestinalis","Giardia intestinalis ,  Lophocebus albigena"
"462","Lophocebus albigena","Iodamoeba butschlii","Iodamoeba butschlii ,  Lophocebus albigena"
"463","Lophocebus albigena","Plasmodium georgesi","Plasmodium georgesi ,  Lophocebus albigena"
"464","Lophocebus albigena","Plasmodium gonderi","Plasmodium gonderi ,  Lophocebus albigena"
"465","Lophocebus albigena","Plasmodium petersi","Plasmodium petersi ,  Lophocebus albigena"
"466","Lophocebus albigena","Retortamonas intestinalis","Retortamonas intestinalis ,  Lophocebus albigena"
"467","Lophocebus aterrimus","Babesia pitheci","Babesia pitheci ,  Lophocebus aterrimus"
"468","Lophocebus aterrimus","Hepatocystis kochi","Hepatocystis kochi ,  Lophocebus aterrimus"
"469","Lophocebus aterrimus","Plasmodium gonderi","Plasmodium gonderi ,  Lophocebus aterrimus"
"470","Lutra lutra","Isospora lutrae","Isospora lutrae ,  Lutra lutra"
"471","Lutra lutra","Toxoplasma gondii","Toxoplasma gondii ,  Lutra lutra"
"472","Lycalopex gymnocercus","Neospora caninum","Neospora caninum ,  Lycalopex gymnocercus"
"473","Lycalopex gymnocercus","Toxoplasma gondii","Toxoplasma gondii ,  Lycalopex gymnocercus"
"474","Lycaon pictus","Babesia rossi","Babesia rossi ,  Lycaon pictus"
"475","Lynx canadensis","Toxoplasma gondii","Toxoplasma gondii ,  Lynx canadensis"
"476","Lynx lynx","Toxoplasma gondii","Toxoplasma gondii ,  Lynx lynx"
"477","Lynx pardinus","Cystoisospora felis","Cystoisospora felis ,  Lynx pardinus"
"478","Lynx pardinus","Cytauxzoon felis","Cytauxzoon felis ,  Lynx pardinus"
"479","Lynx pardinus","Leishmania infantum","Leishmania infantum ,  Lynx pardinus"
"480","Lynx pardinus","Neospora caninum","Neospora caninum ,  Lynx pardinus"
"481","Lynx pardinus","Toxoplasma gondii","Toxoplasma gondii ,  Lynx pardinus"
"482","Lynx rufus","Cystoisospora felis","Cystoisospora felis ,  Lynx rufus"
"483","Lynx rufus","Cytauxzoon felis","Cytauxzoon felis ,  Lynx rufus"
"484","Lynx rufus","Toxoplasma gondii","Toxoplasma gondii ,  Lynx rufus"
"485","Macaca assamensis","Plasmodium inui","Plasmodium inui ,  Macaca assamensis"
"486","Macaca cyclopis","Hepatocystis taiwanensis","Hepatocystis taiwanensis ,  Macaca cyclopis"
"487","Macaca cyclopis","Plasmodium cynomolgi","Plasmodium cynomolgi ,  Macaca cyclopis"
"488","Macaca cyclopis","Plasmodium inui","Plasmodium inui ,  Macaca cyclopis"
"489","Macaca cyclopis","Trypanosoma conorhini","Trypanosoma conorhini ,  Macaca cyclopis"
"490","Macaca fascicularis","Entopolypoides macaci","Entopolypoides macaci ,  Macaca fascicularis"
"491","Macaca fascicularis","Hepatocystis semnopitheci","Hepatocystis semnopitheci ,  Macaca fascicularis"
"492","Macaca fascicularis","Plasmodium coatneyi","Plasmodium coatneyi ,  Macaca fascicularis"
"493","Macaca fascicularis","Plasmodium cynomolgi","Plasmodium cynomolgi ,  Macaca fascicularis"
"494","Macaca fascicularis","Plasmodium fieldi","Plasmodium fieldi ,  Macaca fascicularis"
"495","Macaca fascicularis","Plasmodium inui","Plasmodium inui ,  Macaca fascicularis"
"496","Macaca fascicularis","Plasmodium knowlesi","Plasmodium knowlesi ,  Macaca fascicularis"
"497","Macaca fascicularis","Trypanosoma conorhini","Trypanosoma conorhini ,  Macaca fascicularis"
"498","Macaca fascicularis","Trypanosoma cyclops","Trypanosoma cyclops ,  Macaca fascicularis"
"499","Macaca fuscata","Entamoeba coli","Entamoeba coli ,  Macaca fuscata"
"500","Macaca fuscata","Entamoeba dispar","Entamoeba dispar ,  Macaca fuscata"
"501","Macaca fuscata","Entamoeba histolytica","Entamoeba histolytica ,  Macaca fuscata"
"502","Macaca fuscata","Iodamoeba butschlii","Iodamoeba butschlii ,  Macaca fuscata"
"503","Macaca mulatta","Cyclospora cayetanensis","Cyclospora cayetanensis ,  Macaca mulatta"
"504","Macaca mulatta","Plasmodium cynomolgi","Plasmodium cynomolgi ,  Macaca mulatta"
"505","Macaca mulatta","Plasmodium inui","Plasmodium inui ,  Macaca mulatta"
"506","Macaca nemestrina","Hepatocystis semnopitheci","Hepatocystis semnopitheci ,  Macaca nemestrina"
"507","Macaca nemestrina","Plasmodium coatneyi","Plasmodium coatneyi ,  Macaca nemestrina"
"508","Macaca nemestrina","Plasmodium cynomolgi","Plasmodium cynomolgi ,  Macaca nemestrina"
"509","Macaca nemestrina","Plasmodium fieldi","Plasmodium fieldi ,  Macaca nemestrina"
"510","Macaca nemestrina","Plasmodium inui","Plasmodium inui ,  Macaca nemestrina"
"511","Macaca nemestrina","Plasmodium knowlesi","Plasmodium knowlesi ,  Macaca nemestrina"
"512","Macaca nemestrina","Trypanosoma conorhini","Trypanosoma conorhini ,  Macaca nemestrina"
"513","Macaca nemestrina","Trypanosoma cyclops","Trypanosoma cyclops ,  Macaca nemestrina"
"514","Macaca nigra","Plasmodium inui","Plasmodium inui ,  Macaca nigra"
"515","Macaca radiata","Hepatocystis semnopitheci","Hepatocystis semnopitheci ,  Macaca radiata"
"516","Macaca radiata","Plasmodium cynomolgi","Plasmodium cynomolgi ,  Macaca radiata"
"517","Macaca radiata","Plasmodium fragile","Plasmodium fragile ,  Macaca radiata"
"518","Macaca radiata","Plasmodium inui","Plasmodium inui ,  Macaca radiata"
"519","Macaca radiata","Plasmodium shortii","Plasmodium shortii ,  Macaca radiata"
"520","Macaca sinica","Babesia cellii","Babesia cellii ,  Macaca sinica"
"521","Macaca sinica","Balantidium coli","Balantidium coli ,  Macaca sinica"
"522","Macaca sinica","Entamoeba coli","Entamoeba coli ,  Macaca sinica"
"523","Macaca sinica","Entamoeba hartmanni","Entamoeba hartmanni ,  Macaca sinica"
"524","Macaca sinica","Entamoeba histolytica","Entamoeba histolytica ,  Macaca sinica"
"525","Macaca sinica","Plasmodium cynomolgi","Plasmodium cynomolgi ,  Macaca sinica"
"526","Macaca sinica","Plasmodium fragile","Plasmodium fragile ,  Macaca sinica"
"527","Macaca sinica","Plasmodium shortii","Plasmodium shortii ,  Macaca sinica"
"528","Macaca sinica","Plasmodium simiovale","Plasmodium simiovale ,  Macaca sinica"
"529","Mandrillus leucophaeus","Plasmodium gonderi","Plasmodium gonderi ,  Mandrillus leucophaeus"
"530","Mandrillus sphinx","Balantidium coli","Balantidium coli ,  Mandrillus sphinx"
"531","Mandrillus sphinx","Endolimax nana","Endolimax nana ,  Mandrillus sphinx"
"532","Mandrillus sphinx","Entamoeba coli","Entamoeba coli ,  Mandrillus sphinx"
"533","Mandrillus sphinx","Entamoeba hartmanni","Entamoeba hartmanni ,  Mandrillus sphinx"
"534","Mandrillus sphinx","Entamoeba histolytica","Entamoeba histolytica ,  Mandrillus sphinx"
"535","Mandrillus sphinx","Hepatocystis kochi","Hepatocystis kochi ,  Mandrillus sphinx"
"536","Mandrillus sphinx","Plasmodium gonderi","Plasmodium gonderi ,  Mandrillus sphinx"
"537","Mandrillus sphinx","Pseudolimax butschlii","Pseudolimax butschlii ,  Mandrillus sphinx"
"538","Martes foina","Balantidium coli","Balantidium coli ,  Martes foina"
"539","Martes foina","Cystoisospora felis","Cystoisospora felis ,  Martes foina"
"540","Martes foina","Neospora caninum","Neospora caninum ,  Martes foina"
"541","Martes foina","Toxoplasma gondii","Toxoplasma gondii ,  Martes foina"
"542","Martes martes","Hepatozoon americanum","Hepatozoon americanum ,  Martes martes"
"543","Martes martes","Neospora caninum","Neospora caninum ,  Martes martes"
"544","Martes martes","Toxoplasma gondii","Toxoplasma gondii ,  Martes martes"
"545","Martes melampus","Hepatozoon JM-1","Hepatozoon JM-1 ,  Martes melampus"
"546","Martes melampus","Hepatozoon JM-2","Hepatozoon JM-2 ,  Martes melampus"
"547","Martes melampus","Hepatozoon JM-3","Hepatozoon JM-3 ,  Martes melampus"
"548","Martes melampus","Hepatozoon JM-4","Hepatozoon JM-4 ,  Martes melampus"
"549","Martes melampus","Hepatozoon JM-5","Hepatozoon JM-5 ,  Martes melampus"
"550","Martes melampus","Hepatozoon JM-6","Hepatozoon JM-6 ,  Martes melampus"
"551","Martes melampus","Hepatozoon JM-7","Hepatozoon JM-7 ,  Martes melampus"
"552","Martes melampus","Hepatozoon JM-8","Hepatozoon JM-8 ,  Martes melampus"
"553","Martes pennanti","Sarcocystis neurona","Sarcocystis neurona ,  Martes pennanti"
"554","Martes pennanti","Toxoplasma gondii","Toxoplasma gondii ,  Martes pennanti"
"555","Martes zibellina","Isospora martessii","Isospora martessii ,  Martes zibellina"
"556","Meles meles","Babesia missirolii","Babesia missirolii ,  Meles meles"
"557","Meles meles","Eimeria melis","Eimeria melis ,  Meles meles"
"558","Meles meles","Isospora melis","Isospora melis ,  Meles meles"
"559","Meles meles","Neospora caninum","Neospora caninum ,  Meles meles"
"560","Meles meles","Sarcocystis sebeki","Sarcocystis sebeki ,  Meles meles"
"561","Meles meles","Toxoplasma gondii","Toxoplasma gondii ,  Meles meles"
"562","Meles meles","Trypanosoma pestanai","Trypanosoma pestanai ,  Meles meles"
"563","Mephitis mephitis","Cryptosporidium parvum","Cryptosporidium parvum ,  Mephitis mephitis"
"564","Mephitis mephitis","Sarcocystis mephitisi","Sarcocystis mephitisi ,  Mephitis mephitis"
"565","Mephitis mephitis","Sarcocystis neurona","Sarcocystis neurona ,  Mephitis mephitis"
"566","Mephitis mephitis","Toxoplasma gondii","Toxoplasma gondii ,  Mephitis mephitis"
"567","Miopithecus talapoin","Trypanosoma brucei","Trypanosoma brucei ,  Miopithecus talapoin"
"568","Miopithecus talapoin","Trypanosoma vivax","Trypanosoma vivax ,  Miopithecus talapoin"
"569","Mirounga angustirostris","Toxoplasma gondii","Toxoplasma gondii ,  Mirounga angustirostris"
"570","Monachus schauinslandi","Neospora caninum","Neospora caninum ,  Monachus schauinslandi"
"571","Monachus schauinslandi","Sarcocystis neurona","Sarcocystis neurona ,  Monachus schauinslandi"
"572","Monachus schauinslandi","Toxoplasma gondii","Toxoplasma gondii ,  Monachus schauinslandi"
"573","Muntiacus reevesi","Cryptosporidium parvum","Cryptosporidium parvum ,  Muntiacus reevesi"
"574","Mustela altaica","Isospora altaica","Isospora altaica ,  Mustela altaica"
"575","Mustela nigripes","Eimeria furonis","Eimeria furonis ,  Mustela nigripes"
"576","Mustela nigripes","Eimeria ictidea","Eimeria ictidea ,  Mustela nigripes"
"577","Mustela nigripes","Giardia intestinalis","Giardia intestinalis ,  Mustela nigripes"
"578","Mustela putorius","Neospora caninum","Neospora caninum ,  Mustela putorius"
"579","Mustela putorius","Toxoplasma gondii","Toxoplasma gondii ,  Mustela putorius"
"580","Nasua nasua","Hepatozoon procyonis","Hepatozoon procyonis ,  Nasua nasua"
"581","Nasua nasua","Trypanosoma cruzi","Trypanosoma cruzi ,  Nasua nasua"
"582","Nasua nasua","Trypanosoma evansi","Trypanosoma evansi ,  Nasua nasua"
"583","Neovison vison","Toxoplasma gondii","Toxoplasma gondii ,  Neovison vison"
"584","Nyctereutes procyonoides","Cryptosporidium parvum","Cryptosporidium parvum ,  Nyctereutes procyonoides"
"585","Nycticebus coucang","Eimeria pachylepyron","Eimeria pachylepyron ,  Nycticebus coucang"
"586","Odobenus rosmarus","Neospora caninum","Neospora caninum ,  Odobenus rosmarus"
"587","Odobenus rosmarus","Toxoplasma gondii","Toxoplasma gondii ,  Odobenus rosmarus"
"588","Odocoileus hemionus","Neospora caninum","Neospora caninum ,  Odocoileus hemionus"
"589","Odocoileus hemionus","Sarcocystis americana","Sarcocystis americana ,  Odocoileus hemionus"
"590","Odocoileus hemionus","Sarcocystis hemioni","Sarcocystis hemioni ,  Odocoileus hemionus"
"591","Odocoileus hemionus","Sarcocystis hemionilatrantis","Sarcocystis hemionilatrantis ,  Odocoileus hemionus"
"592","Odocoileus hemionus","Sarcocystis youngi","Sarcocystis youngi ,  Odocoileus hemionus"
"593","Odocoileus hemionus","Theileria cervi","Theileria cervi ,  Odocoileus hemionus"
"594","Odocoileus hemionus","Toxoplasma gondii","Toxoplasma gondii ,  Odocoileus hemionus"
"595","Odocoileus virginianus","Babesia bigemina","Babesia bigemina ,  Odocoileus virginianus"
"596","Odocoileus virginianus","Babesia bovis","Babesia bovis ,  Odocoileus virginianus"
"597","Odocoileus virginianus","Babesia odocoilei","Babesia odocoilei ,  Odocoileus virginianus"
"598","Odocoileus virginianus","Cryptosporidium parvum","Cryptosporidium parvum ,  Odocoileus virginianus"
"599","Odocoileus virginianus","Eimeria madisonensis","Eimeria madisonensis ,  Odocoileus virginianus"
"600","Odocoileus virginianus","Eimeria mccordocki","Eimeria mccordocki ,  Odocoileus virginianus"
"601","Odocoileus virginianus","Eimeria odocoilei","Eimeria odocoilei ,  Odocoileus virginianus"
"602","Odocoileus virginianus","Neospora caninum","Neospora caninum ,  Odocoileus virginianus"
"603","Odocoileus virginianus","Sarcocystis odocoileocanis","Sarcocystis odocoileocanis ,  Odocoileus virginianus"
"604","Odocoileus virginianus","Theileria cervi","Theileria cervi ,  Odocoileus virginianus"
"605","Odocoileus virginianus","Toxoplasma gondii","Toxoplasma gondii ,  Odocoileus virginianus"
"606","Odocoileus virginianus","Trypanosoma cervi","Trypanosoma cervi ,  Odocoileus virginianus"
"607","Otolemur crassicaudatus","Trypanosoma perodictici","Trypanosoma perodictici ,  Otolemur crassicaudatus"
"608","Ourebia ourebi","Trypanosoma brucei","Trypanosoma brucei ,  Ourebia ourebi"
"609","Ovibos moschatus","Toxoplasma gondii","Toxoplasma gondii ,  Ovibos moschatus"
"610","Ovis ammon","Toxoplasma gondii","Toxoplasma gondii ,  Ovis ammon"
"611","Ovis aries","Neospora caninum","Neospora caninum ,  Ovis aries"
"612","Ovis aries","Toxoplasma gondii","Toxoplasma gondii ,  Ovis aries"
"613","Ovis canadensis","Toxoplasma gondii","Toxoplasma gondii ,  Ovis canadensis"
"614","Ozotoceros bezoarticus","Neospora caninum","Neospora caninum ,  Ozotoceros bezoarticus"
"615","Ozotoceros bezoarticus","Toxoplasma gondii","Toxoplasma gondii ,  Ozotoceros bezoarticus"
"616","Pan troglodytes","Balantidium coli","Balantidium coli ,  Pan troglodytes"
"617","Pan troglodytes","Chilomastix mesnili","Chilomastix mesnili ,  Pan troglodytes"
"618","Pan troglodytes","Endolimax nana","Endolimax nana ,  Pan troglodytes"
"619","Pan troglodytes","Entamoeba chattoni","Entamoeba chattoni ,  Pan troglodytes"
"620","Pan troglodytes","Entamoeba coli","Entamoeba coli ,  Pan troglodytes"
"621","Pan troglodytes","Entamoeba hartmanni","Entamoeba hartmanni ,  Pan troglodytes"
"622","Pan troglodytes","Entamoeba histolytica","Entamoeba histolytica ,  Pan troglodytes"
"623","Pan troglodytes","Hepatocystis kochi","Hepatocystis kochi ,  Pan troglodytes"
"624","Pan troglodytes","Iodamoeba butschlii","Iodamoeba butschlii ,  Pan troglodytes"
"625","Pan troglodytes","Pentatrichomonas hominis","Pentatrichomonas hominis ,  Pan troglodytes"
"626","Pan troglodytes","Plasmodium falciparum","Plasmodium falciparum ,  Pan troglodytes"
"627","Pan troglodytes","Plasmodium gaboni","Plasmodium gaboni ,  Pan troglodytes"
"628","Pan troglodytes","Plasmodium rodhaini","Plasmodium rodhaini ,  Pan troglodytes"
"629","Pan troglodytes","Plasmodium ovale","Plasmodium ovale ,  Pan troglodytes"
"630","Pan troglodytes","Plasmodium reichenowi","Plasmodium reichenowi ,  Pan troglodytes"
"631","Pan troglodytes","Plasmodium rodhani","Plasmodium rodhani ,  Pan troglodytes"
"632","Pan troglodytes","Plasmodium schwetzi","Plasmodium schwetzi ,  Pan troglodytes"
"633","Pan troglodytes","Plasmodium vivax","Plasmodium vivax ,  Pan troglodytes"
"634","Pan troglodytes","Troglocorys cava","Troglocorys cava ,  Pan troglodytes"
"635","Pan troglodytes","Troglodytella abrassarti","Troglodytella abrassarti ,  Pan troglodytes"
"636","Pan troglodytes","Trypanosoma primatum","Trypanosoma primatum ,  Pan troglodytes"
"637","Panthera leo","Cystoisospora felis","Cystoisospora felis ,  Panthera leo"
"638","Panthera leo","Hepatozoon canis","Hepatozoon canis ,  Panthera leo"
"639","Panthera leo","Neospora caninum","Neospora caninum ,  Panthera leo"
"640","Panthera leo","Sarcocystis felis","Sarcocystis felis ,  Panthera leo"
"641","Panthera leo","Toxoplasma gondii","Toxoplasma gondii ,  Panthera leo"
"642","Panthera onca","Hepatozoon canis","Hepatozoon canis ,  Panthera onca"
"643","Panthera onca","Toxoplasma gondii","Toxoplasma gondii ,  Panthera onca"
"644","Panthera pardus","Toxoplasma gondii","Toxoplasma gondii ,  Panthera pardus"
"645","Papio anubis","Balantidium coli","Balantidium coli ,  Papio anubis"
"646","Papio anubis","Blastocystis hominis","Blastocystis hominis ,  Papio anubis"
"647","Papio anubis","Chilomastix mesnili","Chilomastix mesnili ,  Papio anubis"
"648","Papio anubis","Cyclospora papionis","Cyclospora papionis ,  Papio anubis"
"649","Papio anubis","Dientamoeba fragilis","Dientamoeba fragilis ,  Papio anubis"
"650","Papio anubis","Endolimax nana","Endolimax nana ,  Papio anubis"
"651","Papio anubis","Entamoeba coli","Entamoeba coli ,  Papio anubis"
"652","Papio anubis","Entamoeba hartmanni","Entamoeba hartmanni ,  Papio anubis"
"653","Papio anubis","Entamoeba histolytica","Entamoeba histolytica ,  Papio anubis"
"654","Papio anubis","Entamoeba polecki","Entamoeba polecki ,  Papio anubis"
"655","Papio anubis","Giardia intestinalis","Giardia intestinalis ,  Papio anubis"
"656","Papio anubis","Hepatocystis kochi","Hepatocystis kochi ,  Papio anubis"
"657","Papio anubis","Hepatocystis simiae","Hepatocystis simiae ,  Papio anubis"
"658","Papio anubis","Iodamoeba butschlii","Iodamoeba butschlii ,  Papio anubis"
"659","Papio cynocephalus","Babesia equi","Babesia equi ,  Papio cynocephalus"
"660","Papio cynocephalus","Babesia microti","Babesia microti ,  Papio cynocephalus"
"661","Papio cynocephalus","Balantidium coli","Balantidium coli ,  Papio cynocephalus"
"662","Papio cynocephalus","Chilomastix mesnili","Chilomastix mesnili ,  Papio cynocephalus"
"663","Papio cynocephalus","Endolimax nana","Endolimax nana ,  Papio cynocephalus"
"664","Papio cynocephalus","Entamoeba chattoni","Entamoeba chattoni ,  Papio cynocephalus"
"665","Papio cynocephalus","Entamoeba coli","Entamoeba coli ,  Papio cynocephalus"
"666","Papio cynocephalus","Entamoeba hartmanni","Entamoeba hartmanni ,  Papio cynocephalus"
"667","Papio cynocephalus","Entamoeba histolytica","Entamoeba histolytica ,  Papio cynocephalus"
"668","Papio cynocephalus","Entopolypoides macaci","Entopolypoides macaci ,  Papio cynocephalus"
"669","Papio cynocephalus","Hepatocystis kochi","Hepatocystis kochi ,  Papio cynocephalus"
"670","Papio cynocephalus","Hepatocystis simiae","Hepatocystis simiae ,  Papio cynocephalus"
"671","Papio cynocephalus","Iodamoeba butschlii","Iodamoeba butschlii ,  Papio cynocephalus"
"672","Papio hamadryas","Balantidium coli","Balantidium coli ,  Papio hamadryas"
"673","Papio hamadryas","Entamoeba histolytica","Entamoeba histolytica ,  Papio hamadryas"
"674","Papio hamadryas","Giardia intestinalis","Giardia intestinalis ,  Papio hamadryas"
"675","Papio hamadryas","Hepatocystis simiae","Hepatocystis simiae ,  Papio hamadryas"
"676","Papio papio","Balantidium coli","Balantidium coli ,  Papio papio"
"677","Papio papio","Chilomastix mesnili","Chilomastix mesnili ,  Papio papio"
"678","Papio papio","Cyclospora papionis","Cyclospora papionis ,  Papio papio"
"679","Papio papio","Entamoeba coli","Entamoeba coli ,  Papio papio"
"680","Papio papio","Entamoeba histolytica","Entamoeba histolytica ,  Papio papio"
"681","Papio papio","Hepatocystis kochi","Hepatocystis kochi ,  Papio papio"
"682","Papio papio","Hepatocystis simiae","Hepatocystis simiae ,  Papio papio"
"683","Papio papio","Iodamoeba butschlii","Iodamoeba butschlii ,  Papio papio"
"684","Papio ursinus","Balantidium coli","Balantidium coli ,  Papio ursinus"
"685","Papio ursinus","Chilomastix mesnili","Chilomastix mesnili ,  Papio ursinus"
"686","Papio ursinus","Endolimax nana","Endolimax nana ,  Papio ursinus"
"687","Papio ursinus","Entamoeba chattoni","Entamoeba chattoni ,  Papio ursinus"
"688","Papio ursinus","Entamoeba coli","Entamoeba coli ,  Papio ursinus"
"689","Papio ursinus","Entamoeba hartmanni","Entamoeba hartmanni ,  Papio ursinus"
"690","Papio ursinus","Entamoeba histolytica","Entamoeba histolytica ,  Papio ursinus"
"691","Papio ursinus","Giardia intestinalis","Giardia intestinalis ,  Papio ursinus"
"692","Papio ursinus","Hepatocystis simiae","Hepatocystis simiae ,  Papio ursinus"
"693","Papio ursinus","Iodamoeba butschlii","Iodamoeba butschlii ,  Papio ursinus"
"694","Papio ursinus","Isospora papionis","Isospora papionis ,  Papio ursinus"
"695","Papio ursinus","Toxoplasma gondii","Toxoplasma gondii ,  Papio ursinus"
"696","Pecari tajacu","Trypanosoma cruzi","Trypanosoma cruzi ,  Pecari tajacu"
"697","Pecari tajacu","Trypanosoma evansi","Trypanosoma evansi ,  Pecari tajacu"
"698","Perodicticus potto","Trypanosoma brucei","Trypanosoma brucei ,  Perodicticus potto"
"699","Perodicticus potto","Trypanosoma irangiense","Trypanosoma irangiense ,  Perodicticus potto"
"700","Perodicticus potto","Trypanosoma perodictici","Trypanosoma perodictici ,  Perodicticus potto"
"701","Perodicticus potto","Trypanosoma vivax","Trypanosoma vivax ,  Perodicticus potto"
"702","Phacochoerus aethiopicus","Sarcocystis dubeyella","Sarcocystis dubeyella ,  Phacochoerus aethiopicus"
"703","Phacochoerus aethiopicus","Sarcocystis phacochoeri","Sarcocystis phacochoeri ,  Phacochoerus aethiopicus"
"704","Phacochoerus aethiopicus","Trypanosoma simiae","Trypanosoma simiae ,  Phacochoerus aethiopicus"
"705","Philantomba monticola","Trypanosoma brucei","Trypanosoma brucei ,  Philantomba monticola"
"706","Philantomba monticola","Trypanosoma congolense","Trypanosoma congolense ,  Philantomba monticola"
"707","Philantomba monticola","Trypanosoma simiae","Trypanosoma simiae ,  Philantomba monticola"
"708","Philantomba monticola","Trypanosoma vivax","Trypanosoma vivax ,  Philantomba monticola"
"709","Phoca largha","Neospora caninum","Neospora caninum ,  Phoca largha"
"710","Phoca largha","Toxoplasma gondii","Toxoplasma gondii ,  Phoca largha"
"711","Phoca vitulina","Neospora caninum","Neospora caninum ,  Phoca vitulina"
"712","Phoca vitulina","Sarcocystis neurona","Sarcocystis neurona ,  Phoca vitulina"
"713","Phoca vitulina","Toxoplasma gondii","Toxoplasma gondii ,  Phoca vitulina"
"714","Piliocolobus badius","Hepatocystis kochi","Hepatocystis kochi ,  Piliocolobus badius"
"715","Piliocolobus rufomitratus","Chilomastix mesnili","Chilomastix mesnili ,  Piliocolobus rufomitratus"
"716","Piliocolobus rufomitratus","Dientamoeba fragilis","Dientamoeba fragilis ,  Piliocolobus rufomitratus"
"717","Piliocolobus rufomitratus","Endolimax nana","Endolimax nana ,  Piliocolobus rufomitratus"
"718","Piliocolobus rufomitratus","Entamoeba coli","Entamoeba coli ,  Piliocolobus rufomitratus"
"719","Piliocolobus rufomitratus","Entamoeba dispar","Entamoeba dispar ,  Piliocolobus rufomitratus"
"720","Piliocolobus rufomitratus","Entamoeba hartmanni","Entamoeba hartmanni ,  Piliocolobus rufomitratus"
"721","Piliocolobus rufomitratus","Entamoeba histolytica","Entamoeba histolytica ,  Piliocolobus rufomitratus"
"722","Piliocolobus rufomitratus","Iodamoeba butschlii","Iodamoeba butschlii ,  Piliocolobus rufomitratus"
"723","Piliocolobus tephrosceles","Entamoeba coli","Entamoeba coli ,  Piliocolobus tephrosceles"
"724","Piliocolobus tephrosceles","Entamoeba histolytica","Entamoeba histolytica ,  Piliocolobus tephrosceles"
"725","Piliocolobus tephrosceles","Giardia intestinalis","Giardia intestinalis ,  Piliocolobus tephrosceles"
"726","Pithecia irrorata","Plasmodium brasilianum","Plasmodium brasilianum ,  Pithecia irrorata"
"727","Pithecia irrorata","Trypanosoma cruzi","Trypanosoma cruzi ,  Pithecia irrorata"
"728","Pithecia irrorata","Trypanosoma devei","Trypanosoma devei ,  Pithecia irrorata"
"729","Pithecia irrorata","Trypanosoma minasense","Trypanosoma minasense ,  Pithecia irrorata"
"730","Pithecia irrorata","Trypanosoma mycetae","Trypanosoma mycetae ,  Pithecia irrorata"
"731","Pithecia irrorata","Trypanosoma rangeli","Trypanosoma rangeli ,  Pithecia irrorata"
"732","Pithecia pithecia","Plasmodium brasilianum","Plasmodium brasilianum ,  Pithecia pithecia"
"733","Pithecia pithecia","Plasmodium falciparum","Plasmodium falciparum ,  Pithecia pithecia"
"734","Pithecia pithecia","Trypanosoma lambrechti","Trypanosoma lambrechti ,  Pithecia pithecia"
"735","Pongo abelii","Balantidium coli","Balantidium coli ,  Pongo abelii"
"736","Pongo pygmaeus","Balantidium coli","Balantidium coli ,  Pongo pygmaeus"
"737","Pongo pygmaeus","Entamoeba coli","Entamoeba coli ,  Pongo pygmaeus"
"738","Pongo pygmaeus","Entamoeba histolytica","Entamoeba histolytica ,  Pongo pygmaeus"
"739","Pongo pygmaeus","Plasmodium pitheci","Plasmodium pitheci ,  Pongo pygmaeus"
"740","Pongo pygmaeus","Trypanosoma evansi","Trypanosoma evansi ,  Pongo pygmaeus"
"741","Presbytis melalophos","Plasmodium inui","Plasmodium inui ,  Presbytis melalophos"
"742","Presbytis melalophos","Plasmodium knowlesi","Plasmodium knowlesi ,  Presbytis melalophos"
"743","Procapra gutturosa","Sarcocystis danzani","Sarcocystis danzani ,  Procapra gutturosa"
"744","Procapra gutturosa","Sarcocystis mongolica","Sarcocystis mongolica ,  Procapra gutturosa"
"745","Procyon cancrivorus","Hepatozoon canis","Hepatozoon canis ,  Procyon cancrivorus"
"746","Procyon lotor","Babesia lotori","Babesia lotori ,  Procyon lotor"
"747","Procyon lotor","Cryptosporidium parvum","Cryptosporidium parvum ,  Procyon lotor"
"748","Procyon lotor","Eimeria nuttalli","Eimeria nuttalli ,  Procyon lotor"
"749","Procyon lotor","Eimeria procyonis","Eimeria procyonis ,  Procyon lotor"
"750","Procyon lotor","Hepatozoon procyonis","Hepatozoon procyonis ,  Procyon lotor"
"751","Procyon lotor","Neospora caninum","Neospora caninum ,  Procyon lotor"
"752","Procyon lotor","Sarcocystis kirkpatricki","Sarcocystis kirkpatricki ,  Procyon lotor"
"753","Procyon lotor","Sarcocystis neurona","Sarcocystis neurona ,  Procyon lotor"
"754","Procyon lotor","Toxoplasma gondii","Toxoplasma gondii ,  Procyon lotor"
"755","Procyon lotor","Trypanosoma cruzi","Trypanosoma cruzi ,  Procyon lotor"
"756","Procyon pygmaeus","Eimeria nuttalli","Eimeria nuttalli ,  Procyon pygmaeus"
"757","Procyon pygmaeus","Toxoplasma gondii","Toxoplasma gondii ,  Procyon pygmaeus"
"758","Propithecus coquereli","Babesia propitheci","Babesia propitheci ,  Propithecus coquereli"
"759","Puma concolor","Cytauxzoon felis","Cytauxzoon felis ,  Puma concolor"
"760","Puma concolor","Toxoplasma gondii","Toxoplasma gondii ,  Puma concolor"
"761","Pusa hispida","Giardia intestinalis","Giardia intestinalis ,  Pusa hispida"
"762","Pusa hispida","Neospora caninum","Neospora caninum ,  Pusa hispida"
"763","Pusa hispida","Toxoplasma gondii","Toxoplasma gondii ,  Pusa hispida"
"764","Rangifer tarandus","Besnoitia tarandi","Besnoitia tarandi ,  Rangifer tarandus"
"765","Rangifer tarandus","Eimeria hreindyria","Eimeria hreindyria ,  Rangifer tarandus"
"766","Rangifer tarandus","Eimeria mayeri","Eimeria mayeri ,  Rangifer tarandus"
"767","Rangifer tarandus","Eimeria rangiferis","Eimeria rangiferis ,  Rangifer tarandus"
"768","Rangifer tarandus","Giardia intestinalis","Giardia intestinalis ,  Rangifer tarandus"
"769","Rangifer tarandus","Sarcocystis hardangeri","Sarcocystis hardangeri ,  Rangifer tarandus"
"770","Rangifer tarandus","Sarcocystis rangi","Sarcocystis rangi ,  Rangifer tarandus"
"771","Rangifer tarandus","Sarcocystis tarandivulpes","Sarcocystis tarandivulpes ,  Rangifer tarandus"
"772","Rangifer tarandus","Toxoplasma gondii","Toxoplasma gondii ,  Rangifer tarandus"
"773","Redunca redunca","Trypanosoma congolense","Trypanosoma congolense ,  Redunca redunca"
"774","Rupicapra pyrenaica","Toxoplasma gondii","Toxoplasma gondii ,  Rupicapra pyrenaica"
"775","Rupicapra rupicapra","Babesia divergens","Babesia divergens ,  Rupicapra rupicapra"
"776","Rupicapra rupicapra","Babesia ovis","Babesia ovis ,  Rupicapra rupicapra"
"777","Rupicapra rupicapra","Neospora caninum","Neospora caninum ,  Rupicapra rupicapra"
"778","Rupicapra rupicapra","Sarcocystis cornagliai","Sarcocystis cornagliai ,  Rupicapra rupicapra"
"779","Rupicapra rupicapra","Toxoplasma gondii","Toxoplasma gondii ,  Rupicapra rupicapra"
"780","Rusa unicolor","Trypanosoma evansi","Trypanosoma evansi ,  Rusa unicolor"
"781","Saguinus bicolor","Trypanosoma cruzi","Trypanosoma cruzi ,  Saguinus bicolor"
"782","Saguinus fuscicollis","Iodamoeba butschlii","Iodamoeba butschlii ,  Saguinus fuscicollis"
"783","Saguinus fuscicollis","Trypanosoma cruzi","Trypanosoma cruzi ,  Saguinus fuscicollis"
"784","Saguinus fuscicollis","Trypanosoma devei","Trypanosoma devei ,  Saguinus fuscicollis"
"785","Saguinus fuscicollis","Trypanosoma rangeli","Trypanosoma rangeli ,  Saguinus fuscicollis"
"786","Saguinus geoffroyi","Isospora arctopitheci","Isospora arctopitheci ,  Saguinus geoffroyi"
"787","Saguinus geoffroyi","Leishmania braziliensis","Leishmania braziliensis ,  Saguinus geoffroyi"
"788","Saguinus geoffroyi","Trypanosoma cruzi","Trypanosoma cruzi ,  Saguinus geoffroyi"
"789","Saguinus geoffroyi","Trypanosoma minasense","Trypanosoma minasense ,  Saguinus geoffroyi"
"790","Saguinus geoffroyi","Trypanosoma rangeli","Trypanosoma rangeli ,  Saguinus geoffroyi"
"791","Saguinus labiatus","Trypanosoma cruzi","Trypanosoma cruzi ,  Saguinus labiatus"
"792","Saguinus leucopus","Trypanosoma cruzi","Trypanosoma cruzi ,  Saguinus leucopus"
"793","Saguinus midas","Plasmodium brasilianum","Plasmodium brasilianum ,  Saguinus midas"
"794","Saguinus midas","Plasmodium vivax","Plasmodium vivax ,  Saguinus midas"
"795","Saguinus midas","Trypanosoma cruzi","Trypanosoma cruzi ,  Saguinus midas"
"796","Saguinus midas","Trypanosoma devei","Trypanosoma devei ,  Saguinus midas"
"797","Saguinus midas","Trypanosoma minasense","Trypanosoma minasense ,  Saguinus midas"
"798","Saguinus midas","Trypanosoma rangeli","Trypanosoma rangeli ,  Saguinus midas"
"799","Saguinus niger","Trypanosoma devei","Trypanosoma devei ,  Saguinus niger"
"800","Saguinus nigricollis","Trypanosoma cruzi","Trypanosoma cruzi ,  Saguinus nigricollis"
"801","Saguinus nigricollis","Trypanosoma minasense","Trypanosoma minasense ,  Saguinus nigricollis"
"802","Saguinus oedipus","Trypanosoma minasense","Trypanosoma minasense ,  Saguinus oedipus"
"803","Saimiri boliviensis","Plasmodium brasilianum","Plasmodium brasilianum ,  Saimiri boliviensis"
"804","Saimiri boliviensis","Trypanosoma cruzi","Trypanosoma cruzi ,  Saimiri boliviensis"
"805","Saimiri boliviensis","Trypanosoma minasense","Trypanosoma minasense ,  Saimiri boliviensis"
"806","Saimiri boliviensis","Trypanosoma rangeli","Trypanosoma rangeli ,  Saimiri boliviensis"
"807","Saimiri oerstedii","Giardia intestinalis","Giardia intestinalis ,  Saimiri oerstedii"
"808","Saimiri oerstedii","Plasmodium brasilianum","Plasmodium brasilianum ,  Saimiri oerstedii"
"809","Saimiri oerstedii","Trypanosoma minasense","Trypanosoma minasense ,  Saimiri oerstedii"
"810","Saimiri sciureus","Blastocystis hominis","Blastocystis hominis ,  Saimiri sciureus"
"811","Saimiri sciureus","Chilomastix mesnili","Chilomastix mesnili ,  Saimiri sciureus"
"812","Saimiri sciureus","Isospora saimirae","Isospora saimirae ,  Saimiri sciureus"
"813","Saimiri sciureus","Plasmodium brasilianum","Plasmodium brasilianum ,  Saimiri sciureus"
"814","Saimiri sciureus","Plasmodium falciparum","Plasmodium falciparum ,  Saimiri sciureus"
"815","Saimiri sciureus","Trypanosoma cruzi","Trypanosoma cruzi ,  Saimiri sciureus"
"816","Saimiri sciureus","Trypanosoma minasense","Trypanosoma minasense ,  Saimiri sciureus"
"817","Saimiri sciureus","Trypanosoma rangeli","Trypanosoma rangeli ,  Saimiri sciureus"
"818","Saimiri sciureus","Trypanosoma sanmartini","Trypanosoma sanmartini ,  Saimiri sciureus"
"819","Saimiri ustus","Plasmodium brasilianum","Plasmodium brasilianum ,  Saimiri ustus"
"820","Saimiri ustus","Trypanosoma cruzi","Trypanosoma cruzi ,  Saimiri ustus"
"821","Saimiri ustus","Trypanosoma minasense","Trypanosoma minasense ,  Saimiri ustus"
"822","Saimiri ustus","Trypanosoma rangeli","Trypanosoma rangeli ,  Saimiri ustus"
"823","Semnopithecus entellus","Hepatocystis semnopitheci","Hepatocystis semnopitheci ,  Semnopithecus entellus"
"824","Semnopithecus entellus","Plasmodium cynomolgi","Plasmodium cynomolgi ,  Semnopithecus entellus"
"825","Semnopithecus priam","Entamoeba histolytica","Entamoeba histolytica ,  Semnopithecus priam"
"826","Spilogale gracilis","Toxoplasma gondii","Toxoplasma gondii ,  Spilogale gracilis"
"827","Spilogale putorius","Eimeria mephitidis","Eimeria mephitidis ,  Spilogale putorius"
"828","Spilogale putorius","Isospora sengeri","Isospora sengeri ,  Spilogale putorius"
"829","Spilogale putorius","Isospora spilogales","Isospora spilogales ,  Spilogale putorius"
"830","Sus scrofa","Cryptosporidium parvum","Cryptosporidium parvum ,  Sus scrofa"
"831","Sus scrofa","Toxoplasma gondii","Toxoplasma gondii ,  Sus scrofa"
"832","Sus scrofa","Trypanosoma cruzi","Trypanosoma cruzi ,  Sus scrofa"
"833","Sus scrofa","Trypanosoma evansi","Trypanosoma evansi ,  Sus scrofa"
"834","Syncerus caffer","Theileria buffeli","Theileria buffeli ,  Syncerus caffer"
"835","Syncerus caffer","Theileria mutans","Theileria mutans ,  Syncerus caffer"
"836","Syncerus caffer","Theileria parva","Theileria parva ,  Syncerus caffer"
"837","Syncerus caffer","Toxoplasma gondii","Toxoplasma gondii ,  Syncerus caffer"
"838","Syncerus caffer","Trypanosoma theileri","Trypanosoma theileri ,  Syncerus caffer"
"839","Taurotragus oryx","Toxoplasma gondii","Toxoplasma gondii ,  Taurotragus oryx"
"840","Taxidea taxus","Toxoplasma gondii","Toxoplasma gondii ,  Taxidea taxus"
"841","Tayassu pecari","Trypanosoma cruzi","Trypanosoma cruzi ,  Tayassu pecari"
"842","Tayassu pecari","Trypanosoma evansi","Trypanosoma evansi ,  Tayassu pecari"
"843","Trachypithecus cristatus","Entamoeba coli","Entamoeba coli ,  Trachypithecus cristatus"
"844","Trachypithecus cristatus","Entamoeba histolytica","Entamoeba histolytica ,  Trachypithecus cristatus"
"845","Trachypithecus cristatus","Plasmodium coatneyi","Plasmodium coatneyi ,  Trachypithecus cristatus"
"846","Trachypithecus cristatus","Plasmodium cynomolgi","Plasmodium cynomolgi ,  Trachypithecus cristatus"
"847","Trachypithecus cristatus","Plasmodium inui","Plasmodium inui ,  Trachypithecus cristatus"
"848","Trachypithecus obscurus","Plasmodium inui","Plasmodium inui ,  Trachypithecus obscurus"
"849","Trachypithecus vetulus","Cryptosporidium parvum","Cryptosporidium parvum ,  Trachypithecus vetulus"
"850","Trachypithecus vetulus","Entamoeba histolytica","Entamoeba histolytica ,  Trachypithecus vetulus"
"851","Tragelaphus angasii","Toxoplasma gondii","Toxoplasma gondii ,  Tragelaphus angasii"
"852","Tragelaphus scriptus","Toxoplasma gondii","Toxoplasma gondii ,  Tragelaphus scriptus"
"853","Tragelaphus spekii","Trypanosoma brucei","Trypanosoma brucei ,  Tragelaphus spekii"
"854","Tragelaphus spekii","Trypanosoma vivax","Trypanosoma vivax ,  Tragelaphus spekii"
"855","Tragelaphus strepsiceros","Sarcocystis hominis","Sarcocystis hominis ,  Tragelaphus strepsiceros"
"856","Tragelaphus strepsiceros","Toxoplasma gondii","Toxoplasma gondii ,  Tragelaphus strepsiceros"
"857","Urocyon cinereoargenteus","Neospora caninum","Neospora caninum ,  Urocyon cinereoargenteus"
"858","Urocyon cinereoargenteus","Toxoplasma gondii","Toxoplasma gondii ,  Urocyon cinereoargenteus"
"859","Urocyon cinereoargenteus","Trypanosoma cruzi","Trypanosoma cruzi ,  Urocyon cinereoargenteus"
"860","Urocyon littoralis","Toxoplasma gondii","Toxoplasma gondii ,  Urocyon littoralis"
"861","Ursus americanus","Cryptosporidium parvum","Cryptosporidium parvum ,  Ursus americanus"
"862","Ursus americanus","Sarcocystis ursusi","Sarcocystis ursusi ,  Ursus americanus"
"863","Ursus americanus","Toxoplasma gondii","Toxoplasma gondii ,  Ursus americanus"
"864","Ursus arctos","Sarcocystis arctosi","Sarcocystis arctosi ,  Ursus arctos"
"865","Ursus arctos","Toxoplasma gondii","Toxoplasma gondii ,  Ursus arctos"
"866","Ursus maritimus","Toxoplasma gondii","Toxoplasma gondii ,  Ursus maritimus"
"867","Vulpes lagopus","Toxoplasma gondii","Toxoplasma gondii ,  Vulpes lagopus"
"868","Vulpes vulpes","Cryptosporidium parvum","Cryptosporidium parvum ,  Vulpes vulpes"
"869","Vulpes vulpes","Isospora canis","Isospora canis ,  Vulpes vulpes"
"870","Vulpes vulpes","Cystoisospora felis","Cystoisospora felis ,  Vulpes vulpes"
"871","Vulpes vulpes","Hepatozoon canis","Hepatozoon canis ,  Vulpes vulpes"
"872","Vulpes vulpes","Isospora vulpis","Isospora vulpis ,  Vulpes vulpes"
"873","Vulpes vulpes","Leishmania infantum","Leishmania infantum ,  Vulpes vulpes"
"874","Vulpes vulpes","Neospora caninum","Neospora caninum ,  Vulpes vulpes"
"875","Vulpes vulpes","Theileria annae","Theileria annae ,  Vulpes vulpes"
"876","Vulpes vulpes","Toxoplasma gondii","Toxoplasma gondii ,  Vulpes vulpes"
"877","Zalophus californianus","Cryptosporidium parvum","Cryptosporidium parvum ,  Zalophus californianus"
"878","Zalophus californianus","Giardia intestinalis","Giardia intestinalis ,  Zalophus californianus"
"879","Zalophus californianus","Neospora caninum","Neospora caninum ,  Zalophus californianus"
"880","Zalophus californianus","Toxoplasma gondii","Toxoplasma gondii ,  Zalophus californianus"
